{"train": [0.022442054021007875, 0.01522598597592388, 0.01441400160270384, 0.013816371957704522, 0.01305006599017218, 0.012876565939460705, 0.012656767984328706, 0.012211090299526071, 0.012206592379880497, 0.012015562728534337, 0.012075125822931333, 0.011526704957964373, 0.011721529751236921, 0.011615806718667349, 0.011565786091720357, 0.011379656546256122, 0.011200376783369803, 0.011091954568096625, 0.010966952156786825, 0.010891891825530265, 0.011037697701234054, 0.010988823549420226, 0.010967050120721456, 0.010742428720825248, 0.01083492335272965, 0.010723479535016749, 0.010903802198765715, 0.010688775145004388, 0.010468296798713066, 0.010557809273401896, 0.010301958233410237, 0.010468404668998095, 0.010403812441220081, 0.01048197847297963, 0.010483221868722657, 0.010290728865154818, 0.010338212490641797, 0.010613490928427066, 0.010451192010461895, 0.010200004859833547, 0.010118031883307921, 0.010156039515254544, 0.01026292102228777, 0.010221497027166918, 0.01016537016367211, 0.010396087592820716], "val": [0.015334898700901106, 0.013665494532172197, 0.012858170251441158, 0.012243323242352678, 0.011963973196795563, 0.01190123187950234, 0.01182093658770611, 0.011496699859503827, 0.011659180168427673, 0.011284809854198125, 0.011090417844212913, 0.01096776161172421, 0.011462860276886061, 0.011136161299799783, 0.010831342571798493, 0.010739375236961576, 0.011101284944543651, 0.011047228413567044, 0.010812092638191054, 0.010880679936677802, 0.010527652012659055, 0.010504147137691771, 0.010416426628925442, 0.010504067915619588, 0.010411831734129805, 0.01094440679047622, 0.010544469382833032, 0.010433826953464863, 0.010513384216556362, 0.010475426856306643, 0.010464350258310636, 0.010324728469443477, 0.01029120834142554, 0.01037012500798001, 0.010454845881345225, 0.010216213986764547, 0.010588081234615613, 0.010227084249939794, 0.01037325716388771, 0.010284335059083365, 0.01029610010046585, 0.010274571467653598, 0.010266604939219999, 0.010392333966454649, 0.010407792026895324, 0.010312600051558096], "dir_acc": [94.49052132701422, 96.09004739336493, 97.6303317535545, 98.69668246445498, 100.0, 100.0, 100.0, 100.0, 100.0, 100.0, 100.0, 100.0, 100.0, 100.0, 100.0, 100.0, 100.0, 100.0, 100.0, 100.0, 100.0, 100.0, 100.0, 100.0, 100.0, 100.0, 100.0, 100.0, 100.0, 100.0, 100.0, 100.0, 100.0, 100.0, 100.0, 100.0, 100.0, 100.0, 100.0, 100.0, 100.0, 100.0, 100.0, 100.0, 100.0, 100.0]}